sep,syp,mal,ftr,hiv,hbv,hcv
667.28592,2.59308,27.3714,81.634,1006.62979832482,786.263461936929,1500.99451067917
